video_id,title,channel_title,published_at,category_id,view_count,like_count,comment_count,duration,video_age_days,views_per_day,like_rate,comment_rate,engagement_rate
NnvIwG0S8WE,Tennis Ball Cannon vs Human Strength,Mark Rober,2026-05-14 13:00:44+00:00,28,16424467,289010,370,PT30S,6,2737411.17,0.017596309213565347,2.2527367250334516e-05,0.017618836580815683
IEJALLQFmDs,You’re Breathing Dinosaur Breath!,Mark Rober,2026-04-30 16:00:29+00:00,28,5522875,120123,842,PT38S,20,276143.75,0.02175008487427291,0.0001524568272865129,0.021902541701559423
6VCyrdMLrcY,Engineering a $1 Cup of Lemonade #AdobePartner,Mark Rober,2026-04-16 16:00:10+00:00,28,8829168,184295,519,PT1M4S,34,259681.41,0.02087342771142196,5.878243567230797e-05,0.020932210147094267
S7UM5lSgAg8,I Engineered The Perfect First Date,Mark Rober,2026-04-11 13:00:44+00:00,28,14475350,215915,4403,PT27M31S,39,371162.82,0.01491604693496185,0.0003041722652647432,0.015220219200226592
GOmQwinZKtE,Testing Every Seat on a Log Ride,Mark Rober,2026-04-03 15:48:41+00:00,28,16454603,235997,445,PT35S,47,350097.94,0.014342308957560387,2.7044104315369992e-05,0.014369353061875756
wJMrk69WOdw,The SECRET to Fighting Laundry Stains #TidePartner,Mark Rober,2026-03-17 15:01:40+00:00,28,68367159,339226,712,PT1M27S,64,1068236.86,0.004961826774167989,1.0414356986809997e-05,0.004972241131154799
VZ0oIzvzkGI,Secret To Defusing A Soda Grenade,Mark Rober,2026-03-06 16:00:46+00:00,28,14454759,331319,813,PT48S,75,192730.12,0.022921101624731342,5.6244452086679547e-05,0.022977346076818023
Xg1ro-zG7AM,Engineers vs Junkyard RC Car Death Match,Mark Rober,2026-02-21 16:00:28+00:00,28,26083748,154523,2311,PT18M52S,88,296406.23,0.005924110292738605,8.859923044801691e-05,0.006012709523186621
YPOfYntrrcU,Your fingers are actually a clock,Mark Rober,2026-02-20 18:33:58+00:00,28,4675403,167805,839,PT36S,89,52532.62,0.03589102372565531,0.00017944977149563364,0.036070473497150944
9BsQpGhwVAY,pride comes before flop,Mark Rober,2026-02-11 19:00:04+00:00,28,111072963,990824,1944,PT39S,98,1133397.58,0.008920478694711692,1.7502009017261922e-05,0.008937980703728953
kgSHJhX6ly0,Can You Ship A Potato Through The Mail?,Mark Rober,2026-02-06 17:01:15+00:00,28,12666228,293494,10152,PT42S,103,122973.09,0.023171381408893004,0.0008015014414709731,0.023972882850363975
X_rh2S74UJs,Why MRI Machines Are So Dangerous,Mark Rober,2026-01-23 17:00:51+00:00,28,21555619,634874,2496,PT1M,117,184236.06,0.029452830837286555,0.00011579347361817817,0.029568624310904734
c4dH8MpXYH4,Disney’s Secret for Making Ghosts REAL,Mark Rober,2026-01-10 16:00:56+00:00,28,12806787,333479,796,PT48S,130,98513.75,0.02603923997486645,6.21545435244609e-05,0.026101394518390914
lSDoCbQsKxY,Why The Weatherman Is Always Wrong!,Mark Rober,2025-12-24 18:12:40+00:00,28,10094214,239388,814,PT1M5S,147,68668.12,0.02371536803162683,8.064025589312848e-05,0.02379600828751996
qsJgJjOG5tY,How Close To Beat My Goalie Robot?,Mark Rober,2025-12-16 16:49:37+00:00,28,10979709,160196,422,PT26S,155,70836.83,0.014590186315502534,3.8434534102861925e-05,0.014628620849605395
lNOjw3KRsqg,How Superglue Actually Works,Mark Rober,2025-12-08 21:53:15+00:00,28,10409736,278004,945,PT52S,163,63863.41,0.026706152778514267,9.078040019458707e-05,0.026796933178708855
oZOCmEDROHY,Help Me Pass Ronaldo in Subscribers!,Mark Rober,2025-12-05 16:02:26+00:00,28,15222532,357642,2336,PT50S,166,91702.0,0.023494251810408415,0.00015345673111411427,0.023647708541522528
AGUO3YQ_Y38,Ronaldo vs My Goalie Robot,Mark Rober,2025-11-28 20:31:41+00:00,28,32960407,374136,2307,PT58S,173,190522.58,0.011351073425762005,6.999306774336858e-05,0.011421066493505374
jjpjjcMeujM,Ronaldo vs My Unbeatable Goalie Robot,Mark Rober,2025-11-28 18:10:06+00:00,28,40479791,733624,14230,PT26M34S,173,233987.23,0.018123216100596962,0.0003515334355357714,0.018474749536132734
jfUU24gaqNg,3 Levels of Elephant Toothpaste,Mark Rober,2025-11-22 17:37:17+00:00,28,243874996,2363671,4187,PT36S,179,1362430.15,0.009692141624883922,1.7168631752637734e-05,0.00970931025663656
pLtHyLlLt4Y,How to Escape Alcatraz With Basic Engineering,Mark Rober,2025-11-15 18:55:20+00:00,28,31371167,460642,5681,PT25M13S,186,168662.19,0.014683610590578286,0.0001810898523475394,0.014864700442925824
PrWBvvwZ-4o,How Do Hot Air Balloons Actually Steer?,Mark Rober,2025-11-14 18:01:58+00:00,28,2989774,95836,459,PT1M19S,187,15988.1,0.032054596768852764,0.00015352330978863284,0.0322081200786414
0XgcOz95hTs,I Blew Up A 24 Story Building,Mark Rober,2025-11-01 15:00:41+00:00,28,20179608,282063,5344,PT22M7S,200,100898.04,0.013977625333455437,0.0002648217943579479,0.014242447127813385
ZGhPz6FINWA,YouTuber Argues With Cop…,Mark Rober,2025-10-31 15:30:25+00:00,28,17173120,520666,1872,PT1M1S,201,85438.41,0.030318660790817277,0.00010900756531137033,0.03042766835612865
oSfubCtcyHo,First Object Faster Than Sound!,Mark Rober,2025-10-22 15:01:33+00:00,28,19140277,391571,1989,PT39S,210,91144.18,0.020457958889518683,0.0001039169913789649,0.020561875880897647
q2C1JpQi5G4,Uncovering America's Underwater City,Mark Rober,2025-10-11 15:00:05+00:00,28,27195613,366576,4417,PT20M47S,221,123057.07,0.013479232845385762,0.00016241590141762938,0.013641648746803391
mnDe3BaEBxc,Jumping On A Moving Train… For Science!,Mark Rober,2025-10-09 16:06:53+00:00,28,24770945,595243,1850,PT1M7S,223,111080.47,0.024029886627256247,7.468427223910916e-05,0.024104570899495355
D1sCU41SRVU,How Do Spider Legs Actually Work?,Mark Rober,2025-09-27 14:49:02+00:00,28,66350897,1929044,3469,PT1M25S,235,282344.24,0.029073367312577553,5.228263907268654e-05,0.029125649951650238
3x0MQxcYqmE,Sharpest Thing In The World!,Mark Rober,2025-09-19 17:00:06+00:00,28,151134655,3414453,6625,PT55S,243,621953.31,0.022592124883601315,4.383508203330335e-05,0.022635959965634618
dmr0Q5ambKk,Testing If You Can Breathe Underwater!,Mark Rober,2025-09-12 15:00:22+00:00,28,109406630,2571150,5261,PT1M13S,250,437626.52,0.02350086096244807,4.808666531452436e-05,0.023548947627762596
uDVygnvQzLI,Sumo Wrestlers vs Phone Books,Mark Rober,2025-09-05 16:04:21+00:00,28,130570794,2625588,2913,PT1M6S,257,508057.56,0.020108539739752216,2.2309736433095443e-05,0.02013084947618531
prjayUu9qMQ,Mark Rober vs India’s Busiest Train,Mark Rober,2025-08-30 03:21:58+00:00,28,11188030,261080,1475,PT43S,264,42378.9,0.0233356542662113,0.00013183732971756422,0.023467491595928862
mJZldCMZhyA,Secret Street Crossing HACK,Mark Rober,2025-08-18 16:05:24+00:00,28,126403762,2383876,8913,PT34S,275,459650.04,0.01885921718057727,7.05121418775495e-05,0.01892972932245482
i41gbn5zmqc,World’s Strongest Magnet!,Mark Rober,2025-08-08 16:01:24+00:00,28,19451990,350355,3147,PT40S,285,68252.6,0.01801126774175804,0.00016178293326286924,0.01817305067502091
KRhofr57Na8,Can You Safely Drink Your Own Pee?,Mark Rober,2025-08-01 16:01:49+00:00,28,14815365,354919,5634,PT10M53S,292,50737.55,0.023956142828745697,0.00038028087731891856,0.024336423706064616
1IotjpIZvAg,How Record Players Actually Work!,Mark Rober,2025-07-31 16:00:03+00:00,28,126384186,2573768,4572,PT52S,293,431345.34,0.0203646364427271,3.617541200922084e-05,0.02040081185473632
v1FNHkt0ISk,Show Us Your Best Jugaad! w/@MRINDIANHACKER,Mark Rober,2025-07-28 09:45:25+00:00,28,9727772,252030,1154,PT41S,296,32864.09,0.025908296370433025,0.00011862942511399322,0.026026925795547017
RkX6iRhYOEM,4 Levels of Rocket Swings,Mark Rober,2025-07-11 16:00:09+00:00,28,11147734,175635,697,PT32S,313,35615.76,0.01575521985006101,6.252391741675931e-05,0.015817743767477768
eW8ZNkuLhZw,How To Fool Your Brain!,Mark Rober,2025-06-27 15:30:20+00:00,28,55011817,1240451,4292,PT1M9S,327,168231.86,0.022548809831167728,7.801960077050355e-05,0.022626829431938233
9IiYOTzJ2uw,I Built a Roller Coaster In My Lab,Mark Rober,2025-06-21 15:01:11+00:00,28,37850908,241688,4229,PT18M48S,333,113666.39,0.006385262937417512,0.00011172783490425117,0.006496990772321763
paHr1oLaqJ4,Human vs World’s Largest Water Gun,Mark Rober,2025-06-20 16:59:38+00:00,28,24456185,355425,829,PT29S,334,73222.11,0.014533133438432854,3.389735561781202e-05,0.014567030794050667
aL6P0ChwcHg,Mark Rober vs LEGO Floor #LEGOWorldPlayDay,Mark Rober,2025-06-11 16:31:10+00:00,28,126632577,1816551,3226,PT1M28S,343,369191.19,0.014345052774216226,2.547527718716488e-05,0.014370528051403392
iQJfOkDUvJM,Bowling Ball vs LEGO® Wall,Mark Rober,2025-06-05 16:35:01+00:00,28,20168167,315871,1015,PT50S,349,57788.44,0.015661859602808723,5.032683436228984e-05,0.015712186437171014
1QAmBamacU4,$5M Selfie From Space,Mark Rober,2025-06-03 01:39:07+00:00,28,7082867,153742,691,PT26S,352,20121.78,0.021706181974050904,9.755936402589517e-05,0.021803741338076797
qr1AvisQcV8,"I Spent $5,000,000 So You Can Go To Space For FREE",Mark Rober,2025-05-24 16:24:24+00:00,28,18004686,476691,8834,PT21M15S,361,49874.48,0.026475940763421257,0.0004906500452160065,0.026966590808637263
tt_l_-5_8WU,Mark Rober vs GOAT of Cricket,Mark Rober,2025-05-23 21:54:41+00:00,28,148859047,3724783,6132,PT49S,362,411212.84,0.025022214471116425,4.1193331030797205e-05,0.025063407802147223
RYeNu159Sgc,Metronome Synchronization Is Like Magic,Mark Rober,2025-05-15 16:30:17+00:00,28,86733663,2155991,14693,PT1M7S,370,234415.31,0.024857603442852403,0.0001694036604910829,0.025027007103343483
pzRH6JbphrI,Why Do Football Players Wear Black Eye Paint?,Mark Rober,2025-05-08 16:18:15+00:00,28,49643308,1106937,2477,PT50S,377,131679.86,0.02229780900176918,4.989594972196454e-05,0.022347704951491146
EfSw0_OxCGY,How to Escape a Police Sniffing Dog,Mark Rober,2025-05-01 18:12:29+00:00,28,15240285,448512,483,PT1M16S,384,39688.24,0.02942937090743382,3.169232071447483e-05,0.02946106322814829
PtIChOU86Xs,These Clouds Aren't What You Think... Now You Know Thanks To @Google,Mark Rober,2025-04-26 15:00:38+00:00,28,13648828,348999,972,PT53S,389,35086.96,0.025569887758861053,7.12149057779906e-05,0.025641102664639044
0rVF_cl9trE,9 different density layers,Mark Rober,2025-04-17 16:22:02+00:00,28,34137676,660265,955,PT45S,398,85773.06,0.019341240452337764,2.797495646745256e-05,0.019369215408805214
g6tlNyr5sl8,Testing What Happens If You Jump On A Moving Train,Mark Rober,2025-04-12 15:00:28+00:00,28,26592372,408619,5843,PT18M16S,403,65986.03,0.01536602300840256,0.0002197246638998582,0.015585747672302417
SUnNPS3rBXk,Are Bananas Actually Slippery?,Mark Rober,2025-04-10 16:03:39+00:00,28,181755318,3117784,3377,PT1M10S,405,448778.56,0.017153742923769637,1.8579924027312368e-05,0.017172322847796948
f7hHtuS7ygY,Why can you see the moon during the day?,Mark Rober,2025-04-03 15:30:20+00:00,28,51570175,1753179,4320,PT1M30S,412,125170.33,0.03399598702156818,8.37693492411069e-05,0.03407975637080929
qyIzUOVG840,Instantly Freezing Water!,Mark Rober,2025-03-28 16:01:08+00:00,28,118823514,3137981,3242,PT57S,418,284266.78,0.0264087544153929,2.7284161954678433e-05,0.026436038577347578
U1MigIJXJx8,Tesla vs Fake Wall,Mark Rober,2025-03-16 18:41:04+00:00,28,144318411,4029312,5981,PT1M,430,335624.21,0.027919597867523637,4.1443083793376856e-05,0.027961040951317014
IQJL3htsDyQ,Can You Fool A Self Driving Car?,Mark Rober,2025-03-15 15:00:28+00:00,28,32957807,783383,18898,PT18M54S,431,76468.23,0.023769269599764328,0.0005733998017525862,0.024342669401516914
sLy-x38ILZE,Why do some sounds hurt so much?!,Mark Rober,2025-03-06 17:03:24+00:00,28,24196254,977682,3050,PT59S,440,54991.49,0.040406337278489475,0.00012605256995566337,0.040532389848445136
p7f8oR5ELwk,Hidden message on Mars,Mark Rober,2025-03-02 16:05:40+00:00,28,185237123,5040435,5990,PT57S,444,417200.73,0.02721071736792198,3.233693064861518e-05,0.027243054298570595
xuKigD8_0qM,You’ve never seen a wheelchair like this…,Mark Rober,2025-02-20 17:22:54+00:00,28,12113688,363488,614,PT49S,454,26682.13,0.030006386164147532,5.068646311511408e-05,0.03005707262726265
qgZReY9jnj4,This Robot Is Impossible To Beat!,Mark Rober,2025-02-13 16:09:53+00:00,28,58058277,1886733,3444,PT1M21S,461,125939.86,0.03249722688119043,5.931970733475263e-05,0.03255654658852518
3jfjdGwontY,The HARDEST Object In Your House...,Mark Rober,2025-02-06 16:00:09+00:00,28,53395203,1753729,4006,PT1M12S,468,114092.31,0.032844317494213855,7.50254662389803e-05,0.03291934296045283
qRJOojiBi-s,Turning An Egg Into A Bouncy Ball,Mark Rober,2025-01-30 16:22:44+00:00,28,286919722,5747202,4620,PT1M,475,604041.52,0.02003069694874443,1.6102064953206668e-05,0.020046799013697637
6zU2rLYHLhw,The Fastest Way To Make A Salad!,Mark Rober,2025-01-23 16:08:11+00:00,28,73120208,2320512,2926,PT1M16S,482,151701.68,0.0317355771198025,4.0016297546637175e-05,0.03177559341734914
tFQ5wjQ-1o0,How To Lure A Gorilla With Your Phone,Mark Rober,2025-01-16 21:52:59+00:00,28,162943369,5670533,3865,PT1M1S,489,333217.52,0.03480063677829075,2.3719897432585918e-05,0.03482435667572333
0OehwWCaKX8,Surfing on 3.5 Million BBs!,Mark Rober,2025-01-03 16:00:01+00:00,28,111273148,3054937,2635,PT54S,502,221659.66,0.027454395376681533,2.368046601863012e-05,0.027478075842700164
MUIpkjDoVEE,Raw Egg vs Hard Boiled Egg Test,Mark Rober,2024-12-28 16:26:38+00:00,28,61712001,2159358,2481,PT59S,508,121480.32,0.03499089261422588,4.020287723290645e-05,0.03503109549145878
y_cZWgZB_m8,Help Me Pass Taylor Swift in Subscribers!,Mark Rober,2024-12-20 17:16:49+00:00,28,41135164,1056482,3147,PT44S,516,79719.31,0.02568318434320573,7.650388849792844e-05,0.02575968823170366
8ELpYt36yPM,Coin Flips Aren't Actually 50-50,Mark Rober,2024-12-16 23:11:31+00:00,28,76746345,3330822,4094,PT1M25S,520,147589.12,0.04340039906786441,5.3344559926599765e-05,0.043453743627791
Evie7TV-E8s,Why do Tightrope Walkers Hold Long Poles?,Mark Rober,2024-12-12 17:00:15+00:00,28,135818310,3845108,3583,PT1M28S,524,259195.25,0.028310674753646986,2.638083186280259e-05,0.02833705558550979
tpg3VvoIVfA,Testing The World's Smartest Crow,Mark Rober,2024-12-07 16:00:36+00:00,28,54206368,782460,12667,PT22M55S,529,102469.5,0.014434835405316216,0.00023368103171937288,0.01466851643703559
3Y2mE1Oph6A,This Is The Worlds Stretchiest Cheese!,Mark Rober,2024-12-06 01:29:27+00:00,28,183232879,2466119,5402,PT39S,531,345071.34,0.013458932771557882,2.948160848359535e-05,0.013488414380041476
vMbpI1GMJQs,How to Take a Selfie From Space!,Mark Rober,2024-12-02 22:15:00+00:00,28,3169775,151134,438,PT54S,534,5935.91,0.04767972490160974,0.00013818015474284452,0.04781790505635258
6KcV1C1Ui5s,I Tried Building My Own Space Satellite,Mark Rober,2024-11-29 16:00:55+00:00,28,20327945,462539,7648,PT25M,537,37854.65,0.02275384944223334,0.0003762308487158933,0.023130080290949234
KIlYZivq_H4,This Slinky Can Walk Forever!,Mark Rober,2024-11-28 17:03:44+00:00,28,589672121,14585684,12879,PT1M15S,538,1096044.83,0.02473524435115697,2.1840951168183175e-05,0.024757085302325156
HzCR-8ZZ7Kk,Freezing Water In Mid Air!,Mark Rober,2024-11-21 23:04:16+00:00,28,142940098,4809342,4844,PT1M,545,262275.41,0.033645856322275645,3.388832152612628e-05,0.033679744643801766
h5Zwg3Ag-bE,Lasers vs Lightning- Which Is More Powerful?,Mark Rober,2024-11-16 16:05:49+00:00,28,60520745,713569,8626,PT28M18S,550,110037.72,0.011790486055649183,0.0001425296400432612,0.011933015695692445
mRmpAOCv06w,Subscribe To Win a Brand New Truck!,Mark Rober,2024-11-13 18:34:12+00:00,28,41761152,1414784,3888,PT1M,553,75517.45,0.03387799263775099,9.31008799757248e-05,0.033971093517726716
Twn_4AW0M6U,"My Rock, Paper, Scissors Robot Never Loses (+9 Other Inventions)",Mark Rober,2024-11-02 15:00:37+00:00,28,83292600,497111,14941,PT19M17S,564,147681.91,0.005968249280248185,0.00017937968078796915,0.006147628961036155
vqjc5M0le_s,The REAL Truth Behind the DVD Logo,Mark Rober,2024-10-17 21:42:59+00:00,28,136884811,4924040,12826,PT56S,580,236008.29,0.03597214303053682,9.369921984989262e-05,0.03606584225038671
X1rkdQGxI-I,Flipping Robot vs Heavier And Heavier Objects,Mark Rober,2024-10-11 01:13:42+00:00,28,170096561,3444289,5624,PT34S,587,289772.68,0.02024902196582328,3.306357263742681e-05,0.02028208553846071
fxD5-fcLJ2k,Can You Turn On a TV With a Lighter?,Mark Rober,2024-10-03 18:53:23+00:00,28,120584161,3611785,4693,PT48S,594,203003.64,0.02995239980149632,3.891887592102581e-05,0.029991318677417344
DsZe6TCH3A4,Turtles or Snakes- Which Do Cars Swerve to Hit More?,Mark Rober,2024-09-27 15:18:43+00:00,28,273855254,6847830,5783,PT53S,600,456425.42,0.025005289838258865,2.111699489249164e-05,0.025026406833151355
fr49XGgewao,What happens if you don't use Airplane mode?,Mark Rober,2024-09-19 15:07:57+00:00,28,53508290,2638324,5681,PT1M,608,88007.06,0.04930682703558645,0.00010617046442710092,0.04941299750001355
-szPVwMomuY,This Goalie Cheated With His Water Bottle,Mark Rober,2024-09-12 15:04:24+00:00,28,105018637,3462673,1627,PT1M,615,170762.01,0.032971985724781404,1.5492488252347058e-05,0.03298747821303375
P4gNS0Iiu0Q,Mark Rober vs Dude Perfect- Ultimate Robot Battle,Mark Rober,2024-09-07 18:01:46+00:00,28,113216814,960807,172875,PT19M,620,182607.76,0.008486433825986307,0.0015269375094762868,0.010013371335462594
apSq3ZC3Sc8,How much pee is in a pool?,Mark Rober,2024-09-05 15:11:42+00:00,28,64946639,2996036,5385,PT1M,622,104415.82,0.04613073203064442,8.291422131944348e-05,0.046213646251963864
P6xdUwr1l3M,World's First Auto-Celebration Football,Mark Rober,2024-08-29 15:00:28+00:00,28,86513215,2908334,2633,PT1M,629,137540.88,0.033617222524905586,3.0434656716895796e-05,0.033647657181622485
9P_v2Va-3k8,Backup Camera Scare Prank w/ Jimmy Kimmel,Mark Rober,2024-08-15 19:58:36+00:00,28,7295835,394398,511,PT20S,643,11346.56,0.05405796594906546,7.003996115591979e-05,0.05412800591022138
SyK_te4Zu3c,This Leaf is Nature’s Coolest Invention,Mark Rober,2024-08-08 16:23:03+00:00,28,36951111,1427284,4150,PT57S,650,56847.86,0.03862628108800301,0.00011231056083807601,0.03873859164884109
oqx-e5QFosA,Carnival Scam Exposed,Mark Rober,2024-08-01 17:15:28+00:00,28,160331286,4378972,2419,PT59S,657,244035.44,0.027312024429218387,1.50875107432245e-05,0.027327111939961613
5JUlNlGqnlw,World’s Largest Jello Pool,Mark Rober,2024-07-25 16:36:40+00:00,28,587860507,14593688,13868,PT1M,664,885332.09,0.024825086608514083,2.3590630489487875e-05,0.024848677239003573
7x7SF83eh9M,How to Measure ANY Cliffs Height with a Rock,Mark Rober,2024-07-18 18:17:33+00:00,28,54146713,1936289,4632,PT46S,671,80695.55,0.035760046967209254,8.55453589583545e-05,0.03584559232616761
On8yuLrW0pM,Subscribe To Win MrBeast's Tesla!,Mark Rober,2024-07-13 16:11:33+00:00,28,62570975,2350312,8177,PT1M,676,92560.61,0.03756233621099879,0.0001306835957087132,0.0376930198067075
Sqr-PdVYhY4,My Puzzle Robot is 200x Faster Than a Human,Mark Rober,2024-07-13 15:19:36+00:00,28,39727606,561255,12655,PT21M21S,676,58768.65,0.014127581712323667,0.0003185442384824296,0.014446125950806098
jJoEna66LiA,I Let A Bed Bug Eat Me,Mark Rober,2024-07-11 15:00:28+00:00,28,25488334,911811,925,PT52S,678,37593.41,0.035773660216473935,3.629111263215556e-05,0.03580995132910609
kc_YIEYu1N4,I Invented A Robot YOU Can Hack,Mark Rober,2024-07-04 15:04:19+00:00,28,32152464,1309041,2962,PT59S,685,46937.9,0.040713551533717605,9.212357721635269e-05,0.040805675110933956
wpDRV8yvqME,$1 Arcade Punching Bag HACK,Mark Rober,2024-06-27 16:15:07+00:00,28,231832295,6666238,7377,PT1M,692,335017.77,0.028754570194803965,3.182041570178995e-05,0.028786390610505752
PGBb_9Zuti0,Why Don't Ice Rinks Melt?,Mark Rober,2024-06-21 19:37:03+00:00,28,58586029,2475070,2823,PT1M,698,83934.14,0.04224676159566985,4.8185549493378364e-05,0.04229494714516323
-Dp68auqAwk,"Decoy Mark Rober vs 50,000 nerds",Mark Rober,2024-06-13 16:03:24+00:00,28,62175239,2229646,2874,PT58S,706,88066.91,0.03586067437553397,4.622418902161357e-05,0.035906898564555575
W0v9akRqCNw,Egg Drop From Space,Mark Rober,2024-06-06 14:00:26+00:00,28,16590599,426055,689,PT35S,713,23268.72,0.025680507376496773,4.15295433275194e-05,0.025722036919824293
25N0R1KnXVs,Lava vs Lasers - Which Is More Destructive?,Mark Rober,2024-05-25 15:13:34+00:00,28,47714527,655072,9803,PT25M38S,725,65813.14,0.013728984466303103,0.00020545105686576334,0.013934435523168866
l9tOJy-IAvM,"How to ALWAYS WIN ""Guess Who""",Mark Rober,2024-05-23 14:00:41+00:00,28,142077230,5283540,8115,PT1M,727,195429.48,0.03718780271828216,5.7116823012385585e-05,0.037244919541294545
TkUxM_HQgG0,World's First Flying Graduation Cap,Mark Rober,2024-05-16 14:00:31+00:00,28,67250173,2809605,2710,PT54S,734,91621.49,0.04177840553659245,4.0297294105102154e-05,0.04181870283069755
Vv8RN_mKyi4,I Gave 3 Subscribers My Credit Card,Mark Rober,2024-05-10 14:00:24+00:00,28,261683611,6182640,4773,PT56S,740,353626.5,0.023626393629977843,1.8239583219447396e-05,0.02364463321319729
iBh3zOjOCvI,Jelly Bean Guessing Game HACK,Mark Rober,2024-04-30 15:19:00+00:00,28,317107878,6707820,23631,PT49S,750,422810.5,0.021153116858232075,7.452038135741301e-05,0.021227637239589488
kIPiqwwJYYc,I don’t need one more subscriber,Mark Rober,2024-04-23 15:16:32+00:00,28,83297481,3495222,3254,PT48S,757,110036.3,0.04196071667521374,3.906480677368863e-05,0.04199978148198743
SrGENEXocJU,Vortex Cannon vs Drone,Mark Rober,2024-04-20 14:36:39+00:00,28,38886671,629989,13672,PT20M44S,760,51166.67,0.016200641088562198,0.0003515857657241989,0.016552226854286395
ga3EJ6CN7ZE,MrBeast Pranked By Mark Rober At CrunchLabs,Mark Rober,2024-04-01 15:01:37+00:00,28,68147187,2695217,3825,PT1M,779,87480.34,0.03954993769588758,5.6128509016813856e-05,0.039606066204904394
qNgL7ebGSI0,Which seat is faster the FRONT or BACK?,Mark Rober,2024-03-29 18:56:42+00:00,28,135268102,4749526,8114,PT49S,782,172977.11,0.035111943834326885,5.9984577886662446e-05,0.035171928412213546
QpwJEYGCngI,You've Never Seen A Wheelchair Like This,Mark Rober,2024-03-23 14:00:15+00:00,28,68508969,888703,15495,PT16M49S,788,86940.32,0.012972067934637873,0.00022617476552595618,0.013198242700163829
egbIh5aic-k,The Craziest Fact I Know,Mark Rober,2024-03-22 14:00:28+00:00,28,63089409,2704585,5046,PT1M,789,79961.23,0.04286908124309739,7.998172878747367e-05,0.04294906297188487
llSOvSdU2a8,I NEED ONE MORE SUBSCRIBER!!,Mark Rober,2024-03-15 16:40:27+00:00,28,265117461,7053828,11570,PT45S,796,333062.14,0.02660642559488,4.364103351155736e-05,0.026650066628391558
PreiWhOgUJ0,MrBeast Pranked With Falling Bottles,Mark Rober,2024-03-02 17:25:11+00:00,28,108448443,4361889,4883,PT1M,809,134052.46,0.040220854069799784,4.502600373893796e-05,0.04026588007353872
M7-h3FO-KKo,Testing If You Can Blow Your Own Sail,Mark Rober,2024-03-02 15:00:19+00:00,28,62983457,1255525,18799,PT17M7S,809,77853.47,0.019934202722470443,0.0002984752011944978,0.02023267792366494
H8G9G_lPmTM,MrBeast vs Electric Shock Jenga,Mark Rober,2024-02-28 16:00:19+00:00,28,52276121,1827848,1770,PT1M1S,812,64379.46,0.03496525689042613,3.3858671342504544e-05,0.03499911556176863
JUxn-lIcUFE,How To GUARANTEE Your Team Wins,Mark Rober,2024-02-17 21:00:03+00:00,28,147348129,5197563,9086,PT51S,823,179037.82,0.035274034595987304,6.166349082043655e-05,0.03533569808680774
xkDvVUtYACE,World’s Longest Drink Helmet,Mark Rober,2024-02-17 19:05:08+00:00,28,53600572,1742299,2476,PT46S,823,65128.28,0.03250523147402233,4.619353688986752e-05,0.0325514250109122
3dH91cyjKLw,I NEED 1 MORE SUBSCRIBER!,Mark Rober,2024-02-13 15:49:31+00:00,28,404847951,14506273,19008,PT38S,827,489538.03,0.035831410197751004,4.695096011490003e-05,0.035878361157865905
dLgVlW4nSGU,Racing Cars Is Even Harder Than You Think,Mark Rober,2023-12-31 15:00:40+00:00,28,27776300,978425,1979,PT38S,871,31890.13,0.035225173979255696,7.124779038244835e-05,0.035296421769638146
9lw7uaxDwmo,I Risked My Life Testing A Race Car's Top Speed,Mark Rober,2023-12-14 23:58:45+00:00,28,3867751,174103,563,PT1M,888,4355.58,0.04501401460435276,0.0001455626279975107,0.04515957723235027
5ad5Pq1hyYg,Time to train your brain,Mark Rober,2023-12-13 18:53:22+00:00,28,23588701,912876,2228,PT1M,889,26533.97,0.03869971474902327,9.44520005573855e-05,0.03879416674958066
s9g8jgZwXHg,ACTUAL World’s Smallest Violin with @ajr,Mark Rober,2023-12-09 15:48:23+00:00,28,151884826,5321761,10641,PT57S,893,170083.79,0.03503813475086708,7.005966481470638e-05,0.03510819441568179
iWWWyG5ZwG8,Car Thief Gets Instant Karma (the FINAL Glitterbomb 6.0),Mark Rober,2023-12-09 15:00:37+00:00,28,46272296,1089400,26479,PT20M27S,893,51816.68,0.02354324496886863,0.0005722430544617885,0.02411548802333042
4zH0gEtos3c,World's Most Accurate Paper Airplane,Mark Rober,2023-12-08 18:56:12+00:00,28,27994136,972285,1712,PT58S,894,31313.35,0.03473173810400864,6.115566488638906e-05,0.03479289376889503
DtO46ikY2r0,Fart Spray Soccer Challenge with @fedevigevani,Mark Rober,2023-12-02 15:00:14+00:00,28,183616730,3522632,3662,PT53S,900,204018.59,0.01918470065336639,1.9943716457645227e-05,0.019204644369824036
7__r4FVj-EI,Octopus vs Underwater Maze,Mark Rober,2023-11-24 15:00:10+00:00,28,113782017,1870907,25832,PT17M13S,908,125310.59,0.016442905911924554,0.0002270306036146292,0.01666993651553918
JdFRjsEZrmU,Acid vs Lava- Testing Liquids That Melt Everything,Mark Rober,2023-11-18 15:00:17+00:00,28,96226123,1339251,16302,PT20M37S,914,105280.22,0.01391774871777802,0.00016941345542935364,0.014087162173207374
fS97ytWlyGM,"Destroying a $500,000 Gold Prime Bottle",Mark Rober,2023-11-06 19:14:09+00:00,28,129658706,4203899,15097,PT48S,926,140020.2,0.03242280545357286,0.00011643645433265392,0.03253924190790551
Zb01RStdzEs,Candy Thieves vs Rigged Candy Bowl,Mark Rober,2023-11-01 19:30:44+00:00,28,57183407,913050,19374,PT18M36S,931,61421.49,0.015967044426016798,0.00033880457664930665,0.016305849002666104
DUIjzXxUZNQ,80mph Tennis Balls Shot at @ajr,Mark Rober,2023-10-03 21:39:44+00:00,28,67178705,2523481,4834,PT49S,960,69977.82,0.03756370415297526,7.195732635810709e-05,0.03763566147933337
9c2NqlUWZfo,World’s Smallest Nerf Gun Shoots an Ant,Mark Rober,2023-09-30 13:00:07+00:00,28,79504212,817426,13581,PT21M50S,963,82558.89,0.010281543322509756,0.0001708211383819514,0.010452364460891707
jq8JPNGzYd4,3D Printer Orchestra with @ajr,Mark Rober,2023-09-28 17:57:00+00:00,28,20480313,911110,4205,PT1M,965,21223.12,0.044487113063164614,0.00020531912769106606,0.044692432190855676
fltt6z6pcx8,Dude Perfect helps Mark Rober be Zach King,Mark Rober,2023-09-22 16:52:13+00:00,28,51601635,1681813,5155,PT21S,971,53142.78,0.032592242474487484,9.989993534119607e-05,0.03269214240982868
rWMWYrcwZWU,Human Glue Trap vs My Nephew,Mark Rober,2023-09-13 15:00:42+00:00,28,97713238,4079134,8605,PT53S,980,99707.39,0.041745971001390825,8.806380973681376e-05,0.041834034811127636
lcIObyvI3uw,This Ball Is Impossible To Hit,Mark Rober,2023-08-11 22:06:05+00:00,28,69648184,2181074,1024,PT43S,1013,68754.38,0.03131559036772588,1.4702465178417286e-05,0.031330292832904304
0ENZe0ckmxA,I Cured @MrBeast’s Fear Of Heights,Mark Rober,2023-06-29 20:47:19+00:00,28,259331414,10579471,11360,PT1M,1056,245578.99,0.04079517724759716,4.3804951451041715e-05,0.040838982199048204
md75n8cyenA,How to Escape a Police Sniffing Dog,Mark Rober,2023-06-21 21:04:23+00:00,28,54227870,776117,14298,PT27M37S,1064,50966.04,0.014312142446310357,0.0002636651596310163,0.014575807605941373
-K8xL6laeEU,Public shaming at a Sharks game,Mark Rober,2023-06-11 18:55:15+00:00,28,51385785,2592109,8498,PT1M1S,1074,47845.24,0.0504440868228441,0.00016537647522559012,0.05060946329806969
1UTjWy-vnOo,I Gave the MIT Commencement Speech,Mark Rober,2023-06-10 14:00:02+00:00,28,10871978,318201,5211,PT19M31S,1075,10113.47,0.02926799520749582,0.00047930560565887827,0.0297473008131547
D8Gz_uOBtG0,Does Earth’s Spin Change Airplane Speed?,Mark Rober,2023-06-07 03:05:48+00:00,28,45743729,1904146,12994,PT1M,1079,42394.56,0.041626383367215206,0.0002840607944315165,0.04191044416164673
T9xsTO6ujqM,This Ball is Impossible to Hit,Mark Rober,2023-05-28 16:57:34+00:00,28,105582854,1028580,14125,PT24M20S,1088,97043.06,0.009741922679983627,0.00013378119140443012,0.009875703871388057
eMeRRgeS4Ow,Remote-Control Shopping Cart Prank!,Mark Rober,2023-05-24 00:25:15+00:00,28,61106183,2824865,8945,PT1M,1093,55906.85,0.046228791610171426,0.00014638453198754045,0.04637517614215897
mWDLkNsWjgg,I Dropped Popcorn on Movie-Texters,Mark Rober,2023-05-10 02:50:18+00:00,28,133199178,5581398,13863,PT1M,1107,120324.46,0.04190264597578823,0.00010407721885490914,0.04200672319464314
1g4eGf7394I,World’s Largest Frisbee Launcher,Mark Rober,2023-04-25 16:28:38+00:00,28,35746113,1261535,1027,PT57S,1121,31887.7,0.03529152945944081,2.873039650492908e-05,0.03532025985594574
uXUKVWV7FOQ,8-Year-Olds vs Modified Bowling Ball,Mark Rober,2023-04-12 03:58:31+00:00,28,247254870,6605500,7944,PT48S,1135,217845.7,0.026715348417606498,3.212879083028779e-05,0.026747477208436784
DOWDNBu9DkU,Amazing Invention- This Drone Will Change Everything,Mark Rober,2023-03-18 15:26:03+00:00,28,45384962,1145335,29748,PT21M32S,1159,39158.72,0.025236002180634192,0.0006554594008473556,0.025891461581481548
2JAOTJxYqh8,Bed Bugs- What You've Been Told is Totally False,Mark Rober,2023-03-04 14:00:00+00:00,28,69647820,991287,27106,PT23M47S,1173,59375.81,0.014232850360571227,0.0003891866249367173,0.014622036985507946
iWeu2dxHRDg,Car Thieves vs the Almost Final GlitterBomb 5.0,Mark Rober,2022-12-16 22:30:50+00:00,28,52186756,1364428,40467,PT18M21S,1251,41716.03,0.02614510087578542,0.0007754266235670981,0.026920527499352517
DPaWiXZmcb4,Physics vs The Table Cloth Trick @CrunchLabs,Mark Rober,2022-11-25 22:35:20+00:00,28,13849114,426485,944,PT31S,1272,10887.67,0.03079511079192503,6.816320524186601e-05,0.030863273997166894
BYVZh5kqaFg,Egg Drop From Space,Mark Rober,2022-11-25 14:59:03+00:00,28,148743685,2095567,40640,PT26M57S,1272,116936.86,0.014088443485852862,0.00027322168332726194,0.014361665169180124
zAwo5RqhXB4,I Tricked These Trick-Or-Treaters  @CrunchLabs @MrBeast,Mark Rober,2022-10-30 14:58:28+00:00,28,25393695,889887,3028,PT44S,1298,19563.71,0.035043620079708765,0.00011924219771876444,0.03516286227742753
lg5wznn3IBE,Backyard Squirrelympics 3.0- The Summer Games,Mark Rober,2022-10-23 20:00:40+00:00,28,47249262,1136656,46702,PT23M15S,1305,36206.33,0.0240565873811955,0.0009884175545429683,0.02504500493573847
Rsxao9ptdmI,Beating 5 Scam Arcade Games with Science,Mark Rober,2022-09-17 15:45:58+00:00,28,119592899,1619461,20200,PT18M5S,1341,89181.88,0.01354144780786692,0.00016890634953167246,0.013710354157398593
h8g9wfI9nGI,My Secret Warehouse Tour,Mark Rober,2022-06-15 18:59:45+00:00,28,38898601,872092,21654,PT17M16S,1435,27107.04,0.022419623780299967,0.0005566781180639375,0.0229763018983639
xsLJZyih3Ac,Pranks Destroy Scam Callers- GlitterBomb Payback,Mark Rober,2022-05-08 16:36:44+00:00,28,116979128,3168261,63938,PT26M41S,1473,79415.57,0.027083985443967406,0.0005465761379243654,0.027630561581891772
uBEL3YVzMwk,Robot Piano Catches Fire Playing Rush E (World’s Hardest Song),Mark Rober,2022-03-19 17:03:50+00:00,28,52649011,1244550,37948,PT11M34S,1523,34569.28,0.023638620676084493,0.0007207732734048889,0.024359393949489383
QiKZYt9070U,World's Largest T-Shirt Cannon (breaks the roof),Mark Rober,2021-12-20 19:47:17+00:00,28,28652959,659682,15607,PT15M12S,1612,17774.79,0.023023171882527036,0.0005446906897120119,0.02356786257223905
3c584TGG7jQ,EXPLODING Glitter Bomb 4.0 vs. Package Thieves,Mark Rober,2021-12-13 22:02:27+00:00,28,36190011,1402947,52526,PT16M54S,1619,22353.31,0.03876613908738519,0.0014513949719440538,0.04021753405932924
pXDx6DjNLDU,This Robot Eats Trash #TeamSeas,Mark Rober,2021-10-29 19:59:25+00:00,28,68388043,1987871,43500,PT11M44S,1664,41098.58,0.029067522812430822,0.0006360761047073682,0.02970359891713819
e09xig209cQ,World's Tallest Elephant Toothpaste Volcano,Mark Rober,2021-09-04 16:19:31+00:00,28,58305823,1393141,34064,PT16M20S,1719,33918.45,0.023893685541493858,0.0005842298118320017,0.024477915353325858
8HEfIJlcFbs,World Record Domino Robot (100k dominoes in 24hrs),Mark Rober,2021-07-26 19:59:46+00:00,28,85668212,1333492,33754,PT14M11S,1759,48702.79,0.015565773685109712,0.00039400845671904534,0.015959782141828756
VS6tnF31zr4,Shark vs. GoPro,Mark Rober,2021-07-12 17:13:11+00:00,28,18224513,511920,18777,PT23M7S,1773,10278.91,0.028089639487211538,0.001030315597459312,0.02911995508467085
DTvS9lvRxZ8,Backyard Squirrel Maze 2.0- The Walnut Heist,Mark Rober,2021-05-18 20:34:52+00:00,28,127644614,2453496,74511,PT16M41S,1828,69827.47,0.019221304551087445,0.0005837379084400693,0.01980504245952751
5J3peD8LZ5o,Color the Spectrum LIVE- Mark Rober and Jimmy Kimmel,Mark Rober,2021-05-01 03:43:39+00:00,29,6820539,272126,5179,PT2H57M4S,1846,3694.77,0.03989801978993156,0.0007593241531204498,0.04065734394305201
ybPgmjTRvMo,The Truth About my Son,Mark Rober,2021-04-16 17:16:07+00:00,28,58470853,2961630,138700,PT10M22S,1860,31435.94,0.05065139036025351,0.0023721220554110954,0.0530235124156646
VrKW58MS12g,Glitterbomb Trap Catches Phone Scammer (who gets arrested),Mark Rober,2021-03-18 18:49:50+00:00,28,99761865,2702933,96851,PT23M14S,1889,52812.0,0.027093849939553556,0.0009708218666521521,0.02806467180620571
tH2tKigOPBU,Perseverance Mars Rover Landing- Inside Story,Mark Rober,2021-02-15 03:35:30+00:00,28,25194586,714097,33904,PT15M58S,1921,13115.35,0.028343271844197004,0.0013456859342717519,0.029688957778468757
P_6my53IlxY,World's Longest Field Goal- Robot vs NFL Kicker,Mark Rober,2021-02-06 21:31:28+00:00,28,100783122,1275864,36546,PT19M41S,1929,52246.3,0.012659500665200668,0.0003626202411153725,0.01302212090631604
h4T_LlK1VE4,Glitterbomb 3.0 vs. Porch Pirates,Mark Rober,2020-12-16 19:21:38+00:00,28,65673411,2114570,130015,PT22M11S,1981,33151.65,0.03219826666228742,0.001979720529515362,0.03417798719180278
9e9D7ABgHpU,Unbreakable Ice Cream Safe,Mark Rober,2020-12-08 19:44:55+00:00,28,28266128,604023,23663,PT1M38S,1989,14211.23,0.021369145430884626,0.000837150387205492,0.022206295818090117
BHiWygziyso,World's Largest Devil's Toothpaste Explosion,Mark Rober,2020-09-20 16:24:09+00:00,28,105082296,2078661,86077,PT22M7S,2068,50813.49,0.0197812674363339,0.0008191389346879135,0.020600406371021812
vePc5V4h_kg,Shark Attack Test- Human Blood vs. Fish Blood,Mark Rober,2020-08-09 16:00:11+00:00,28,125843844,1581970,57721,PT16M37S,2110,59641.63,0.012570896991989532,0.00045867162163291833,0.013029568613622452
hFZFjoX2cGg,Backyard Squirrel Maze 1.0- Ninja Warrior Course,Mark Rober,2020-05-24 16:00:58+00:00,28,145179218,2763693,93321,PT21M40S,2187,66382.82,0.01903642296792093,0.0006427986132285132,0.019679221581149445
3yjcqsNNa24,FINAL SCIENCE CLASS- How to Survive a 5 Mile Fall with No Parachute,Mark Rober,2020-05-06 20:43:52+00:00,28,6566445,113297,7428,PT33M42S,2205,2977.98,0.017253932683514443,0.001131205698060366,0.01838513838157481
nT6VWmeFIkc,SCIENCE CLASS #6- What if Everyone Flushed their Toilet at Once?,Mark Rober,2020-04-08 20:39:46+00:00,28,2322315,43062,2776,PT24M1S,2233,1040.0,0.018542704155121076,0.001195358941401145,0.01973806309652222
DKHEanz5ayM,SCIENCE CLASS #5- How Do Astronauts Weigh Themselves?,Mark Rober,2020-04-03 20:29:12+00:00,28,1261681,22994,1122,PT23M,2238,563.75,0.018224892028967703,0.0008892897650039907,0.019114181793971695
00aZJP4kmK4,SCIENCE CLASS #4- How to Waterproof Your Hand,Mark Rober,2020-03-30 20:44:03+00:00,28,1051008,31837,2124,PT27M40S,2242,468.78,0.03029187218365607,0.0020209170624771646,0.03231278924613323
zr359AIjU2Q,SCIENCE CLASS #3- Why is the Sky Blue?,Mark Rober,2020-03-27 20:33:50+00:00,28,2291143,43128,0,PT27M46S,2245,1020.55,0.018823792316760672,0.0,0.018823792316760672
3FRyPjUlQKk,SCIENCE CLASS #2- Does Farting Make You Weigh Less?,Mark Rober,2020-03-25 20:43:02+00:00,28,3210191,59211,4680,PT30M44S,2247,1428.66,0.0184446969043275,0.0014578571804606019,0.019902554084788103
pPn-Bay_ANU,SCIENCE CLASS #1- WHY Does Helium Make Your Voice Higher?,Mark Rober,2020-03-23 20:47:42+00:00,28,2185109,119544,7172,PT35M27S,2249,971.59,0.05470848365001471,0.0032822161274334597,0.057990699777448175
I5-dI74zxPg,How To See Germs Spread Experiment (Coronavirus),Mark Rober,2020-03-18 19:59:35+00:00,28,41068281,717212,31055,PT8M37S,2254,18220.18,0.017463891415372364,0.0007561796901116947,0.01822007110548406
tMKXbLBgkEc,CAR vs. WORLD’S STRONGEST TRAMPOLINE- 150ft (45m) drop,Mark Rober,2020-03-02 20:58:29+00:00,28,35798389,914755,40300,PT14M37S,2270,15770.22,0.025552965525906766,0.0011257489827265692,0.026678714508633336
-k-V3ESHcfA,Feeding Bill Gates a Fake Burger (to save the world),Mark Rober,2020-02-12 20:59:34+00:00,28,81880671,1746785,87903,PT16M39S,2289,35771.37,0.021333300993588586,0.0010735500689778178,0.022406851062566402
a_TSR_v07m0,Glitter Bomb 2.0 vs Porch Pirates,Mark Rober,2019-12-15 17:00:01+00:00,28,81067887,2493391,87982,PT15M59S,2348,34526.36,0.03075682729956931,0.0010852879389837804,0.03184211523855309
wM5NHC97JBw,World's First Automatic Strike Bowling Ball,Mark Rober,2019-11-14 21:10:46+00:00,28,65937804,816597,18074,PT5M50S,2379,27716.61,0.012384352381526081,0.000274106793122804,0.012658459174648886
U7nJBFjKqAY,"Using Drones to Plant 20,000,000 Trees",Mark Rober,2019-10-25 19:01:06+00:00,28,29430614,955139,39587,PT11M34S,2399,12267.87,0.03245392705704339,0.0013450959602813587,0.03379902301732475
Kou7ur5xt_4,World's Largest Elephant Toothpaste Experiment,Mark Rober,2019-08-29 18:54:35+00:00,28,100447005,1296996,36207,PT10M33S,2456,40898.62,0.012912241634282675,0.00036045873144749315,0.013272700365730168
ugRc5jx80yg,Testing if Sharks Can Smell a Drop of Blood,Mark Rober,2019-07-28 16:17:19+00:00,28,124185480,1947411,66855,PT13M23S,2488,49913.78,0.015681470973901296,0.0005383479614524983,0.016219818935353795
PmlRbfSavbI,Stealing Baseball Signs with a Phone (Machine Learning),Mark Rober,2019-06-30 17:23:23+00:00,28,29565611,454148,13947,PT13M30S,2516,11751.04,0.015360683734897277,0.0004717304844469475,0.015832414219344223
DPZzrlFCD_I,World's Largest Jello Pool- Can you swim in Jello?,Mark Rober,2019-05-16 20:57:03+00:00,28,213601036,2360123,64554,PT10M28S,2561,83405.32,0.011049211390529024,0.0003022176353114692,0.011351429025840493
oBcxuzdP3rs,"Rocket Powered Golf Club at 100,000 FPS",Mark Rober,2019-03-31 16:43:44+00:00,28,31134799,446962,17515,PT14M39S,2607,11942.77,0.014355705331516673,0.0005625538163904639,0.014918259147907138
6qZWMNW7GmE,Drinking Nasty Swamp Water (to save the world),Mark Rober,2019-02-15 20:20:12+00:00,28,77065009,1379128,69512,PT11M7S,2651,29070.17,0.017895644442213716,0.000901991719744041,0.018797636161957756
xoxhDk-hwuo,Glitter Bomb 1.0 vs Porch Pirates,Mark Rober,2018-12-17 19:55:40+00:00,28,94699582,2391127,152785,PT8M11S,2711,34931.61,0.025249604586427846,0.0016133650938395905,0.026862969680267437
pFEB0chiuJA,World's Largest Horn Shatters Glass,Mark Rober,2018-11-28 19:54:24+00:00,28,56403924,992313,28834,PT9M16S,2730,20660.78,0.017592978105565846,0.0005112055678963046,0.01810418367346215
GYCI58pMGuQ,Playing Card Machine Gun- Card Throwing Trick Shots,Mark Rober,2018-11-01 12:58:27+00:00,28,29440299,401773,18074,PT10M36S,2757,10678.38,0.013647042103750373,0.0006139203953057678,0.01426096249905614
LEZCxxKp0hM,Flying Phone Scam Exposed (so I built a REAL one),Mark Rober,2018-09-27 20:00:26+00:00,28,71330449,1335169,29914,PT10M57S,2792,25548.16,0.018718079287570445,0.0004193720973212996,0.019137451384891747
zwgaTYOx0RI,Beat Any Escape Room- 10 proven tricks and tips,Mark Rober,2018-08-29 19:58:27+00:00,28,34155971,545344,12742,PT11M22S,2821,12107.75,0.01596628595334034,0.00037305336744781754,0.016339339320788158
M0_U1FHwACk,Rock Skip Robot- The Science of Perfect Rock Skipping,Mark Rober,2018-07-31 23:46:20+00:00,28,24835276,369077,8207,PT9M22S,2850,8714.13,0.01486099852484023,0.0003304573703952394,0.01519145589523547
a1D-fZP8qJk,World's Largest Lemon Battery,Mark Rober,2018-06-23 17:02:19+00:00,28,34591758,541484,22850,PT12M4S,2888,11977.76,0.015653555393166197,0.0006605619754856055,0.016314117368651803
jnL7sJYblGY,200 dropped wallets- the 20 MOST and LEAST HONEST cities,Mark Rober,2018-05-09 19:03:01+00:00,28,38032499,769728,45383,PT8M24S,2933,12967.1,0.0202386911257133,0.0011932689461189494,0.021431960071832252
b7zWwo9dbiU,1st place Mousetrap Car Ideas,Mark Rober,2018-03-29 20:14:02+00:00,28,26001619,328709,9924,PT14M6S,2974,8742.98,0.01264186664684226,0.00038166854148582053,0.01302353518832808
lARpY0nIQx0,Is NASA a waste of money?,Mark Rober,2018-02-14 20:20:02+00:00,28,24014878,492535,18940,PT7M40S,3017,7959.85,0.020509577437786693,0.000788677752183459,0.02129825518997015
vXBfwgwT1nQ,This Arcade Game is a SCAM (I have proof),Mark Rober,2018-01-03 20:57:20+00:00,28,50872193,799634,17227,PT7M9S,3059,16630.33,0.015718488880556023,0.00033863293449920665,0.016057121815055232
My4RA5I0FKs,Liquid Sand Hot Tub- Fluidized air bed,Mark Rober,2017-11-28 21:05:56+00:00,28,148170329,1902695,76097,PT9M9S,3095,47874.1,0.012841268645627426,0.0005135778567381058,0.013354846502365531
tk_ZlWJ3qJI,Carnival Scam Science (and how to WIN),Mark Rober,2017-10-24 20:03:45+00:00,28,118521442,1603276,42845,PT10M53S,3130,37866.28,0.013527307573594995,0.00036149577052901536,0.01388880334412401
S32y9aYEzzo,Measuring How Much Pee Is In Your Pool,Mark Rober,2017-08-22 20:29:16+00:00,28,45989649,651666,38658,PT10M30S,3193,14403.27,0.014169840696109683,0.0008405804532232895,0.015010421149332973
T1KRQ3RcvXA,World's Largest Super Soaker,Mark Rober,2017-07-11 19:01:28+00:00,28,52748565,387114,13739,PT8M5S,3235,16305.58,0.0073388536730809644,0.000260462061858934,0.007599315734939899
lv8wqnk_TsA,NICEST Car Horn Ever- DIY,Mark Rober,2017-06-14 20:21:14+00:00,28,46616503,797865,23279,PT4M52S,3262,14290.77,0.017115505210676143,0.000499372507628897,0.017614877718305038
vNds3PIBqnQ,Hot Wheels STUNT RACE- Slow Mo (2500 FPS),Mark Rober,2017-04-26 20:03:40+00:00,28,8952382,116242,6370,PT5M14S,3311,2703.83,0.012984477203944156,0.0007115424699258812,0.013696019673870038
MHTizZ_XcUM,"Automatic Bullseye, MOVING Dartboard",Mark Rober,2017-03-21 15:59:53+00:00,28,24115994,456439,12322,PT5M36S,3347,7205.26,0.018926816783915272,0.0005109472161918767,0.01943776400010715
Qf-D1Upn-KU,How to save 51 billion lives for 68 cents with simple Engineering,Mark Rober,2017-02-15 18:38:01+00:00,28,17241415,642779,20017,PT8M11S,3381,5099.5,0.037281104828113004,0.0011609835967639546,0.03844208842487696
UBuH1b0Dqm0,1st place science fair ideas- 10 ideas and tricks to WIN!,Mark Rober,2017-02-01 23:01:21+00:00,28,9428403,123673,5162,PT11M36S,3395,2777.14,0.013117067651860024,0.0005474946287298072,0.01366456228058983
350Xlkvn0Ko,Myth-testing Christmas movies with Science Experiments,Mark Rober,2016-12-15 20:23:04+00:00,28,18791584,234951,10998,PT8M28S,3443,5457.91,0.012502990700517849,0.0005852619981370384,0.013088252698654887
v4c0IBeXwY8,How to CHEER THE LOUDEST using SCIENCE!,Mark Rober,2016-11-29 17:18:29+00:00,28,12491292,196765,5043,PT6M23S,3459,3611.24,0.015752173594212673,0.0004037212483704648,0.016155894842583136
_uXnypEzau0,PAINT Super Soaker Battle (w/ Colin Furze)- Splatoon IRL,Mark Rober,2016-11-09 17:00:03+00:00,28,13811579,160590,5914,PT4M14S,3479,3969.99,0.011627200626372987,0.0004281914471907955,0.012055392073563783
I6IqoSAtjb0,GLOWING WALL DIY- EASY and AWESOME,Mark Rober,2016-10-11 16:00:01+00:00,28,5768386,97646,3217,PT6M43S,3508,1644.35,0.01692778534584891,0.0005576949947524316,0.01748548034060134
GMb6GNYPqXA,Bare Hand Bottle Busting- Science Investigation,Mark Rober,2016-08-31 16:00:04+00:00,28,22569794,314579,7593,PT5M26S,3549,6359.48,0.01393805366588636,0.0003364230971713787,0.01427447676305774
MFVXsnq230c,25 Million Orbeez in a pool- Do you sink or float?,Mark Rober,2016-08-16 16:00:02+00:00,28,59368779,738142,55148,PT5M50S,3564,16657.91,0.012433167945057453,0.0009289057469078149,0.013362073691965267
57MKxz4pJKE,World's Largest Nerf Gun,Mark Rober,2016-06-21 16:00:01+00:00,28,49354980,354564,9820,PT3M18S,3620,13633.97,0.007183955904753685,0.00019896675067034776,0.007382922655424032
edRloa1ZHqY,1500 Water Balloons + Trampoline- SLO MO!!,Mark Rober,2016-05-18 16:00:03+00:00,28,109276269,74840,1774,PT3M59S,3654,29905.93,0.0006848696490543614,1.6234082808958276e-05,0.0007011037318633197
W4DnuQOtA8E,How to Survive a Grenade Blast,Mark Rober,2016-04-06 16:00:01+00:00,27,99473766,1141879,48351,PT5M,3696,26913.9,0.01147919743985565,0.00048606785431246264,0.011965265294168113
pR5VJo5ifdE,Solar System Model From a Drone's View,Mark Rober,2016-03-09 16:30:01+00:00,27,18428921,265618,12812,PT8M3S,3724,4948.69,0.014413106442856856,0.0006952116187377438,0.015108318061594598
JinpVA6p8Mo,Snowball Machine Gun- How to make,Mark Rober,2016-02-02 17:00:02+00:00,26,22684948,259040,11597,PT5M15S,3760,6033.23,0.011419025514186764,0.0005112200389438847,0.011930245553130648
qCmgWiEEZwA,Defog your windows TWICE as fast using SCIENCE- 4 easy steps,Mark Rober,2016-01-05 16:30:00+00:00,26,13549382,172258,6634,PT5M16S,3788,3576.92,0.01271334736890583,0.0004896164267861073,0.013202963795691936
FRlbNOno5VA,BEST Guess Who Strategy- 96% WIN record using MATH,Mark Rober,2015-11-17 15:30:00+00:00,26,30657156,456140,15923,PT12M25S,3837,7989.88,0.014878744786372225,0.0005193893393111872,0.015398134125683412
Q6vVuj3iggE,Skin a Watermelon Party Trick,Mark Rober,2015-08-31 09:20:49+00:00,26,152921146,858477,25041,PT2M52S,3915,39060.32,0.0056138540839865275,0.00016375106160922964,0.005777605145595757
nsnyl8llfH4,1st place Egg Drop project ideas- using SCIENCE,Mark Rober,2015-05-27 17:30:00+00:00,26,42855218,520553,18228,PT9M49S,4011,10684.42,0.012146782219145403,0.00042533910339693056,0.012572121322542333
ptkzzNaZb7U,HEAT MAP Microwave- a NEW invention,Mark Rober,2015-02-11 17:06:50+00:00,26,4083195,49929,544,PT3M2S,4116,992.03,0.012227924456216272,0.00013322900326827398,0.012361153459484546
ZxbGGGh5I7M,NASA Pumpkin Carving Contest w/ LASERS!!!,Mark Rober,2014-10-31 17:55:36+00:00,26,5070467,57218,1548,PT3M30S,4219,1201.82,0.011284562151770242,0.0003052973227120894,0.011589859474482331
qOQws77j_6c,24 EASY Hi-Tech Halloween Costumes I invented,Mark Rober,2014-10-09 15:00:07+00:00,26,14619988,111377,2382,PT3M46S,4241,3447.3,0.007618132107905971,0.00016292763030995648,0.0077810597382159275
8Vc-69M-UWk,iPhone ATM PIN code hack- HOW TO PREVENT,Mark Rober,2014-08-28 15:50:44+00:00,26,41262142,280721,9028,PT3M46S,4283,9633.93,0.0068033549979058285,0.00021879620306672397,0.007022151200972553
z68vta3N5kg,Measure height with a watch! Cliff jump science,Mark Rober,2014-08-05 16:00:15+00:00,26,3558153,47120,1382,PT3M46S,4306,826.32,0.013242825701986396,0.00038840375891649405,0.01363122946090289
vlBxPjxacsk,40 MPH Pinewood Derby Car- HOW TO,Mark Rober,2014-04-16 16:18:01+00:00,26,5202820,33350,559,PT1M36S,4417,1177.91,0.006409985354096433,0.00010744173352143645,0.006517427087617869
-RjJtO51ykY,EASY Pinewood Derby Car WINS using Science!!!,Mark Rober,2014-04-16 16:07:46+00:00,26,33286072,336023,12754,PT15M59S,4417,7535.9,0.010095003099194162,0.0003831632642025169,0.010478166363396678
INckJRRR1EU,"Freezing time w/ ONLY ONE camera, 360 degrees, 7200 fps",Mark Rober,2013-12-05 16:54:27+00:00,26,1794321,20332,492,PT3M40S,4549,394.44,0.011331305825434802,0.000274198429378021,0.011605504254812823
gaSv12OKVJA,NASA Pumpkin Carving Contest,Mark Rober,2013-11-01 11:43:31+00:00,26,2761036,11651,276,PT1M2S,4583,602.45,0.0042197928603611105,9.996247785251623e-05,0.004319755338213627
5rYhRn1x3FM,Gut Ripping iPhone Halloween Costume + 17 more hi-tech costumes,Mark Rober,2013-10-07 07:22:11+00:00,26,13898433,117855,3008,PT3M30S,4608,3016.15,0.008479732931043378,0.00021642727636993323,0.00869616020741331
IJ-h0SO8EUI,Simple Watermelon Smoothie Hack,Mark Rober,2013-09-02 08:40:31+00:00,26,20560921,140966,5770,PT1M43S,4643,4428.37,0.006856015837033759,0.00028062945234797604,0.007136645289381735
mDmFSz8-r7g,Glowing Algae Water Fountain,Mark Rober,2013-07-30 14:20:38+00:00,26,1016719,15879,478,PT2M48S,4677,217.39,0.015617884587580245,0.0004701397337907524,0.016088024321371
OEd5lTmeAH8,Matrix Effect Using Only a Ceiling Fan,Mark Rober,2013-05-09 15:07:56+00:00,26,1856458,16912,645,PT3M30S,4759,390.09,0.009109820960129451,0.0003474358159462805,0.009457256776075732
MvnumV1izOE,Unibrow Discrimination- Social Experiment,Mark Rober,2013-04-03 08:00:17+00:00,26,10049510,220846,12000,PT3M33S,4795,2095.83,0.02197579782496858,0.0011940880699656004,0.02316988589493418
QW5L2fMriZk,8-bit Annoying Person Remover- NES Hack,Mark Rober,2013-02-28 18:17:57+00:00,26,1777483,27049,667,PT2M39S,4829,368.09,0.015217585765939816,0.00037524972109437895,0.015592835487034194
SaG-NQ64540,LED Edge Lit Table- HOW TO,Mark Rober,2013-02-01 05:49:51+00:00,26,2374817,26999,664,PT4M16S,4857,488.95,0.011368876001814035,0.0002796004913220682,0.011648476493136103
81YUiTnTVJw,Burning Fireplace Ugly Christmas Sweater (w/ an iPad),Mark Rober,2012-12-07 16:27:17+00:00,26,525186,4074,126,PT2M16S,4912,106.92,0.007757251716534713,0.00023991500154231074,0.007997166718077025
sPgKu2E-jdw,Scooby Doo Surveillance Cam (w/ 2 iPhones),Mark Rober,2012-11-29 14:57:59+00:00,26,5453731,63236,1906,PT3M16S,4920,1108.48,0.011594997993117006,0.00034948551734583167,0.011944483510462837
fU0gs6KQ8jw,Beating iPhone Heart Halloween Costume + 20 more high-tech costumes,Mark Rober,2012-10-03 15:28:55+00:00,26,6115631,30750,1300,PT3M47S,4977,1228.78,0.005028099308149887,0.00021257005205186513,0.005240669360201752
PCKogFDM3Zg,NASA's Curiosity landing- 1 of her creator's POV,Mark Rober,2012-08-15 03:34:43+00:00,26,6542656,188212,8173,PT4M38S,5027,1301.5,0.028766910563538722,0.0012491868745659255,0.03001609743810465
k-Fp7flAWMA,Turtles or Snakes- Which do cars hit more? ROADKILL EXPERIMENT,Mark Rober,2012-07-19 11:57:31+00:00,26,9220018,137022,8050,PT4M22S,5053,1824.66,0.014861359272834392,0.0008731002477435511,0.01573445952057794
jOTu4s0nzJM,250 sq ft GLOWING Super Mario night kite,Mark Rober,2012-06-07 14:59:10+00:00,26,873324,10579,383,PT3M9S,5095,171.41,0.012113488235752137,0.00043855430516051314,0.01255204254091265
7i8gzfoqqIg,5 EPIC pranks in 60 seconds,Mark Rober,2012-03-26 15:57:58+00:00,26,3814424,63946,1728,PT1M1S,5168,738.09,0.016764261130907315,0.0004530172838677609,0.017217278414775074
ZaOw8B_2kWY,Gorilla lured by Phone- how-to demo,Mark Rober,2012-02-14 20:16:04+00:00,26,1943652,23529,177,PT2M29S,5209,373.13,0.012105562106796896,9.106568459786011e-05,0.012196627791394755
O1P6K_PaS0A,Make a Gorilla cam- HOW TO,Mark Rober,2012-02-14 19:49:49+00:00,26,482775,5480,280,PT1M27S,5209,92.68,0.0113510434467402,0.0005799803220962146,0.011931023768836415
YdJr1FCB0P4,Always win at heads/tails- BEST METHOD,Mark Rober,2012-01-18 09:59:11+00:00,26,3389441,68693,2131,PT5M54S,5236,647.33,0.02026676375248898,0.0006287172427547787,0.02089548099524376
7sj6Gpk3ab4,Whiteboard Office Darts (using BuckyBalls),Mark Rober,2011-12-19 08:35:20+00:00,26,1503825,23124,501,PT1M50S,5266,285.57,0.015376789187571693,0.0003331504663109072,0.0157099396538826
V6p5mbp_M98,iPad2 Halloween Costume- Gaping hole in torso,Mark Rober,2011-10-30 05:52:35+00:00,26,14590455,155417,7362,PT50S,5317,2744.11,0.01065196390379875,0.0005045764508372083,0.011156540354635959
